{
  "model_name": "final_xgboost_cc_model",
  "auc_score": 0.981936407971171,
  "accuracy": 0.9380804953560371,
  "precision": 0.8297101449275363,
  "recall": 0.9462809917355371,
  "f1_score": 0.8841698841698842,
  "true_positives": 229,
  "true_negatives": 680,
  "false_positives": 47,
  "false_negatives": 13,
  "training_time_seconds": 0.082367,
  "training_samples": 969,
  "positive_class_count": 242,
  "negative_class_count": 727
}